Name, Headquarters, Address, Phone, Website
"Cramer, Johnson, Wiggins & Associates (CJW & Associates)","Orlando, Florida, United States","12650 Ingenuity Dr, Orlando, FL 32826, United States","(407) 849-0044","http://www.cjw-assoc.com/",
".decimal, Inc.","Sanford, Florida, United States","121 Central Park Pl, Sanford, FL 32771, United States","(407) 330-3300","http://www.dotdecimal.com/",
"(ISC)2 - Tampa Bay Chapter","Tampa, Florida, United States", NULL , NULL , NULL 
"@TravelDeals","Fort Lauderdale, Florida, United States", NULL , NULL , NULL 
"0Lat","Orlando, Florida, United States", NULL , NULL , NULL 
"0NL9","Miami, Florida, United States", NULL , NULL , NULL 
"1 Nation Technology","Oldsmar, Florida, United States","US-1, Florida, USA","NULL","NULL",
"1.618 Technology","Naples, Florida, United States", NULL , NULL , NULL 
"10East","Jacksonville, Florida, United States", NULL , NULL , NULL 
"110% Play Harder.","Jacksonville Beach, Florida, United States", NULL , NULL , NULL 
"1111 Industries","Largo, Florida, United States", NULL , NULL , NULL 
"123 Employee Co","Hollywood, Florida, United States", NULL , NULL , NULL 
"123 FRUTTY","Orlando, Florida, United States", NULL , NULL , NULL 
"123Deals.com","Kenansville, Florida, United States", NULL , NULL , NULL 
"123GOink.com","Lady Lake, Florida, United States", NULL , NULL , NULL 
"123lumpsum","Fort Lauderdale, Florida, United States", NULL , NULL , NULL 
"12th Avenue Graphics","Miami, Florida, United States", NULL , NULL , NULL 
"13 Guys Named Ed","Safety Harbor, Florida, United States", NULL , NULL , NULL 
"1308 Productions","Miami, Florida, United States", NULL , NULL , NULL 
"1347 Property Insurance Holdings","Tampa, Florida, United States", NULL , NULL , NULL 
"169 ST.","Lake Mary, Florida, United States","169 N Country Club Rd, Lake Mary, FL 32746, United States","(407) 330-4372","http://topoftheline1.com/",
"1800 notify","Miami, Florida, United States", NULL , NULL , NULL 
"1800 PetMeds","Pompano Beach, Florida, United States","420 S Congress Ave #100, Delray Beach, FL 33445, United States","(800) 738-6337","https://www.1800petmeds.com/",
"1CLick3dPrint","Miami, Florida, United States", NULL , NULL , NULL 
"1Sale formerly 1SaleADay","Miami Lakes, Florida, United States", NULL , NULL , NULL 
"1st BridgeHouse","Miami, Florida, United States", NULL , NULL , NULL 
"1st Merchant Funding","Miami, Florida, United States","10800 Biscayne Blvd, Miami, FL 33161, United States","(866) 710-2265","https://www.1stmerchantfunding.com/",
"1st United Bancorp","Boca Raton, Florida, United States","5550 Glades Rd, Boca Raton, FL 33431, United States","(561) 962-1562","http://firstforfunds.com/",
"1stpagelocal","Florida, United States, North America", NULL , NULL , NULL 
"2 Dollar Delivery","Gainesville, Florida, United States", NULL , NULL , NULL 
"20th Century Records","Crawfordville, Florida, United States", NULL , NULL , NULL 
"21st Century Care Providers","Bradenton, Florida, United States","4571 Colonial Blvd, Fort Myers, FL 33966, United States","(888) 850-1622","http://21stcenturycare.org/",
"21st Century Oncology","Fort Myers, Florida, United States","8931 Colonial Center Dr #100, Fort Myers, FL 33905, United States","(239) 936-0382","NULL",
"22 Days Nutrition","Miami, Florida, United States", NULL , NULL , NULL 
"24 Hour Pro Muscle Gym","Rockledge, Florida, United States", NULL , NULL , NULL 
"249Labs Inc","Tampa, Florida, United States", NULL , NULL , NULL 
"2Go Media","Fort Lauderdale, Florida, United States", NULL , NULL , NULL 
"2nd Century","Tampa, Florida, United States", NULL , NULL , NULL 
"3 IQs","Orlando, Florida, United States", NULL , NULL , NULL 
"3 LIttle Birds Interactive LLC","Wauchula, Florida, United States", NULL , NULL , NULL 
"3 Palms Hotels & Resorts","Kissimmee, Florida, United States","3100 Parkway Blvd, Kissimmee, FL 34747, United States","(407) 396-1062","https://www.redlion.com/americas-best-value-inn",
"31West Global Services","Sarasota, Florida, United States", NULL , NULL , NULL 
"35CashLoan.Com","Miami, Florida, United States", NULL , NULL , NULL 
"360 Fire","Boca Raton, Florida, United States", NULL , NULL , NULL 
"360 Healthcare Staffing","Tampa, Florida, United States","5401 W Kennedy Blvd, Tampa, FL 33609, United States","(877) 360-7823","https://www.medicalsolutions.com/?360healthcare=1",
"360Converge, Inc","Orlando, Florida, United States", NULL , NULL , NULL 
"360fly, Inc.","Florida, United States, North America", NULL , NULL , NULL 
"3Axis Development","Boynton Beach, Florida, United States","7200 Brunswick Cir, Boynton Beach, FL 33472, United States","(561) 752-9095","http://www.3axis.us/",
"3B Medical, Inc.","Winter Haven, Florida, United States","203 Avenue A NW, Winter Haven, FL 33881, United States","(863) 226-6285","http://www.3bproducts.com/",
"3C innovate","Miami, Florida, United States", NULL , NULL , NULL 
"3Cinteractive","Boca Raton, Florida, United States", NULL , NULL , NULL 
"3D Custom Collagen","Stuart, Florida, United States", NULL , NULL , NULL 
"3D Eye Solutions","Longwood, Florida, United States","407 Ave K SE, Winter Haven, FL 33880, United States","(863) 294-3504","https://www.eyesfl.com/locations/winter-haven/",
"3D FUTURE VISION II","Longwood, Florida, United States", NULL , NULL , NULL 
"3D Nano Batteries,LLC","West Palm Beach, Florida, United States", NULL , NULL , NULL 
"3D Practice","Tampa, Florida, United States", NULL , NULL , NULL 
"3D Tek Executive Search Firm","Bushnell, Florida, United States","138 Bushnell Plaza # 303, Bushnell, FL 33513, United States","(352) 569-9203","https://www.3dtek.com/",
"3dCart Shopping Cart Software","Lauderhill, Florida, United States","6691 Nob Hill Rd, Tamarac, FL 33321, United States","(954) 582-5080","https://www.3dcart.com/",
"3DVIX","Miami, Florida, United States", NULL , NULL , NULL 
"3G1V","Tampa, Florida, United States", NULL , NULL , NULL 
"3M Electronic Monitoring","Odessa, Florida, United States","1838 Gunn Hwy, Odessa, FL 33556, United States","(813) 749-5454","http://www.attentigroup.com/",
"3mindware","Miami, Florida, United States", NULL , NULL , NULL 
"3rd Eye Thermography Holistic Center","Fort Lauderdale, Florida, United States","1451 W Cypress Creek Rd #300, Fort Lauderdale, FL 33309, United States","(954) 204-5602","http://3rdeyethermographyholisticcenter.com/",
"401kexchange","Lake Worth, Florida, United States", NULL , NULL , NULL 
"4A Labs, LLC.","Miami, Florida, United States", NULL , NULL , NULL 
"4th Generation Organic Market","Boca Raton, Florida, United States","75 SE 3rd St, Boca Raton, FL 33432, United States","(561) 338-9920","http://www.4thgenerationmarket.com/",
"4Voice","Boca Raton, Florida, United States", NULL , NULL , NULL 
"4WheelOnline","Tampa, Florida, United States","5911 Benjamin Center Dr, Tampa, FL 33634, United States","NULL","NULL",
"4Women.com, Inc.","Florida, United States, North America", NULL , NULL , NULL 
"5 Bars","Boynton Beach, Florida, United States", NULL , NULL , NULL 
"5 Star Auto Sales and Repair","Spring Hill, Florida, United States","11028 N Florida Ave, Tampa, FL 33612, United States","(813) 955-3482","http://www.floridainternetcars.com/",
"5 Star Mobile","Fort Lauderdale, Florida, United States", NULL , NULL , NULL 
"5 Star Painting LLC","Destin, Florida, United States", NULL , NULL , NULL 
"54Energy","Miami, Florida, United States", NULL , NULL , NULL 
"561 Media","Boca Raton, Florida, United States","125 NW 13th St B-8, Boca Raton, FL 33432, United States","(561) 417-8505","https://www.561media.com/",
"5Four Digital","Pembroke Pines, Florida, United States", NULL , NULL , NULL 
"5i Solutions","Fort Lauderdale, Florida, United States", NULL , NULL , NULL 
"5nine Software","West Palm Beach, Florida, United States","1555 Palm Beach Lakes Blvd #750, West Palm Beach, FL 33401, United States","(561) 898-1100","https://www.5nine.com/",
"5th Avenue Acquisitions & Venture Capitalists","Naples, Florida, United States","780 5th Ave S suite 200, Naples, FL 34102, United States","(800) 201-3143","http://5thaavc.com/",
"64bithost.com","Gainesville, Florida, United States", NULL , NULL , NULL 
"71lbs","Fort Lauderdale, Florida, United States", NULL , NULL , NULL 
"734 Citrus Holdings","Frostproof, Florida, United States", NULL , NULL , NULL 
"800 Travel Systems","Tampa, Florida, United States", NULL , NULL , NULL 
"800.COM","Longboat Key, Florida, United States", NULL , NULL , NULL 
"805Stats","Boynton Beach, Florida, United States", NULL , NULL , NULL 
"83 Degrees Media","Tampa, Florida, United States", NULL , NULL , NULL 
"8base","Coral Gables, Florida, United States", NULL , NULL , NULL 
"8BitBandits","Winter Park, Florida, United States", NULL , NULL , NULL 
"8K Solutions","Titusville, Florida, United States","8850 Grissom Pkwy, Titusville, FL 32780, United States","(321) 804-8200","http://www.8ksolutions.com/",
"911 Boost","Fort Lauderdale, Florida, United States", NULL , NULL , NULL 
"911 Home Experts","Fort Lauderdale, Florida, United States", NULL , NULL , NULL 
"99 Bitcoins","Sarasota, Florida, United States", NULL , NULL , NULL 
"99 Dollars Per Month Websites","Miami Beach, Florida, United States", NULL , NULL , NULL 
"A Beautiful Site","Orlando, Florida, United States", NULL , NULL , NULL 
"A Briter Smile Dental Care","Tampa, Florida, United States","20729 Center Oak Ave, Tampa, FL 33647, United States","(813) 907-1222","http://www.mynewtampadentist.com/",
"A Class Limos","Pompano Beach, Florida, United States","1903 NW 18th St, Pompano Beach, FL 33069, United States","(954) 271-2900","NULL",
"A Great Fence","Port St. Lucie, Florida, United States","751 NW Enterprise Dr #105, Port St. Lucie, FL 34986, United States","(772) 812-0223","http://www.agreatfence.com/",
"A Life Story Foundation","Bradenton, Florida, United States", NULL , NULL , NULL 
"A New Leaf Painting, LLC","Jacksonville, Florida, United States","11246 Distribution Ave E Suite 16, Jacksonville, FL 32256, United States","(904) 615-6599","https://www.anewleafpainting.com/",
"A Plus Carts & Parts","Fort Myers, Florida, United States","3800 Fowler St #8, Fort Myers, FL 33901, United States","(239) 989-4427","http://www.swflgolfcarts.com/",
"A Song 2u","Miami, Florida, United States", NULL , NULL , NULL 
"A V.E.T.S.c.a.r.e.","Titusville, Florida, United States", NULL , NULL , NULL 
"A-1 Bail Bonds of St Lucie","Port St. Lucie, Florida, United States","1115 Delaware Ave, Fort Pierce, FL 34950, United States","(772) 465-0096","https://a1stlucie.com/",
"A-Audio Headphones","Miami, Florida, United States", NULL , NULL , NULL 
"A-LIGN","Tampa, Florida, United States","Rivergate Tower, 400 N Ashley Dr #1325, Tampa, FL 33602, United States","(888) 702-5446","http://www.a-lign.com/",
"A-One Biz Solutions","Miramar Beach, Florida, United States","17397 SW 36th St, Miramar, FL 33029, United States","(866) 873-9168","http://www.a1bs.com/about_us.html",
"A-Rod Corp","Coral Gables, Florida, United States", NULL , NULL , NULL 
"A+ Movers","Land O Lakes, Florida, United States", NULL , NULL , NULL 
"A1A Atlantic Moving & Storage Co","Fort Lauderdale, Florida, United States","2549 W Broward Blvd, Fort Lauderdale, FL 33312, United States","(954) 581-1711","http://www.a1aatlantic.com/",
"A21, Inc.","Jacksonville, Florida, United States", NULL , NULL , NULL 
"A2T2","Clermont, Florida, United States", NULL , NULL , NULL 
"A2Z Term Life","Fort Lauderdale, Florida, United States", NULL , NULL , NULL 
"AA Car Transport LLC","Pompano Beach, Florida, United States","5401 S Kirkman Rd #310, Orlando, FL 32819, United States","(321) 247-8000","https://aacartransport.com/",
"AAA","Florida, United States, North America", NULL , NULL , NULL 
"AAA Appliance Dryer Vent Cleaning Service West Palm Beach","West Palm Beach, Florida, United States","12545 79th Ct N, West Palm Beach, FL 33412, United States","(561) 234-9259","http://www.lintmanwpb.com/",
"AAA Marble Care","Fort Lauderdale, Florida, United States","1840 SE 4th St, Fort Lauderdale, FL 33301, United States","(954) 937-8453","https://aaamarblecare.com/",
"AAMP of America","Clearwater, Florida, United States","13190 56th Ct N #401, Clearwater, FL 33760, United States","(727) 572-9255","http://www.aampofamerica.com/",
"AAMPP","Hollywood, Florida, United States", NULL , NULL , NULL 
"Aaneel Infotech","Lutz, Florida, United States", NULL , NULL , NULL 
"AAUG Insurance Company LTD","Fort Lauderdale, Florida, United States","1401 E Broward Blvd #103, Fort Lauderdale, FL 33301, United States","(954) 315-5000","http://www.ciafl.net/",
"ab&jb properties and services","Inverness, Florida, United States", NULL , NULL , NULL 
"Abakan","Miami, Florida, United States", NULL , NULL , NULL 
"Abax Service Inc","Aventura, Florida, United States", NULL , NULL , NULL 
"Abazias Diamonds","Gainesville, Florida, United States", NULL , NULL , NULL 
"ABB OPTICAL GROUP","Coral Springs, Florida, United States","12301 NW 39th St, Coral Springs, FL 33065, United States","(954) 733-2300","http://www.abbconcise.com/",
"Abbott Law Group","Jacksonville, Florida, United States","2929 Plummer Cove Rd, Jacksonville, FL 32223, United States","(904) 292-1111","https://www.abbottlawgroup.com/",
"ABC Global Services","Boca Raton, Florida, United States","6001 Broken Sound Pkwy NW, Boca Raton, FL 33487, United States","(561) 300-6645","http://abcglobalservices.com/",
"abc* Foundation","Miami Beach, Florida, United States", NULL , NULL , NULL 
"abcteach.com","Orlando, Florida, United States", NULL , NULL , NULL 
"Abe AI","Orlando, Florida, United States","1013 E Colonial Dr, Orlando, FL 32803, United States","NULL","https://www.abe.ai/",
"aboutPLACE","Coral Gables, Florida, United States", NULL , NULL , NULL 
"Above Property","Naples, Florida, United States","3555 Kraft Rd, Naples, FL 34105, United States","(239) 263-7406","http://www.aboveproperty.com/",
"Absolute Consulting","Navarre, Florida, United States","7552 Navarre Pkwy # 63, Navarre, FL 32566, United States","(850) 939-8965","http://absoluteconsulting.com/",
"Absolute Home Care","Tamarac, Florida, United States","8000 N University Dr, Tamarac, FL 33321, United States","(954) 726-6556","NULL",
"Absolute Insurance Agency","Miami, Florida, United States","17010 S Dixie Hwy, Miami, FL 33157, United States","(305) 254-1982","NULL",
"Absolute Mobile Solutions","Tampa, Florida, United States","500 E Kennedy Blvd #401, Tampa, FL 33602, United States","(813) 908-6862","https://www.absolutemobilesolutions.com/services/tampa-web-design/restaurant-website-design/",
"Absolute Web Services","Miami, Florida, United States","2875 NE 191st St #404, Miami, FL 33180, United States","(305) 937-2526","https://www.absolutewebservices.com/",
"AC Designs Inc.","Saint Augustine, Florida, United States","3370 Agricultural Center Dr, St. Augustine, FL 32092, United States","(904) 829-8898","http://www.acdesignsinc.net/",
"AC Repair Boca Raton","Miami, Florida, United States","1700 Avenida Del Sol, Boca Raton, FL 33432, United States","(561) 750-1625","https://www.airboca.com/",
"Ac Repair Florida Directory","Pompano Beach, Florida, United States","1048 E Oleander St, Lakeland, FL 33801, United States","(863) 686-6163","https://www.payneair.com/",
"Ac7ive Solutions, Inc.","Miami, Florida, United States", NULL , NULL , NULL 
"Academic Evaluation Services","Tampa, Florida, United States","8875 Hidden River Pkwy #110, Tampa, FL 33637, United States","(813) 374-2020","http://www.aes-edu.org/",
"Academy of Digital Media","Davie, Florida, United States","700 SW Darwin Blvd, Port St. Lucie, FL 34953, United States","(772) 429-5504","http://schools.stlucie.k12.fl.us/mda/",
"ACAMS","Miami, Florida, United States","80 SW 8th St #2350, Miami, FL 33130, United States","(866) 256-8270","http://www.acams.org/",
"ACAP Software Development","Fort Lauderdale, Florida, United States", NULL , NULL , NULL 
"Accelerated Concepts","Tampa, Florida, United States","1120 E Kennedy Blvd #227, Tampa, FL 33602, United States","(813) 699-3110","https://www.digi.com/accelerated",
"Accelerithm llc","Satellite Beach, Florida, United States", NULL , NULL , NULL 
"Acceller","Miami, Florida, United States", NULL , NULL , NULL 
"Accent American Business","Tampa, Florida, United States", NULL , NULL , NULL 
"Accent Custom Finishings & Design Center","Ruskin, Florida, United States", NULL , NULL , NULL 
"Accent Technologies","Melbourne, Florida, United States","1411 Highland Ave, Melbourne, FL 32935, United States","(800) 771-6011","https://accent-technologies.com/",
"Accentia Biopharmaceuticals Inc","Tampa, Florida, United States", NULL , NULL , NULL 
"Access Authority, Inc.","Clearwater, Florida, United States", NULL , NULL , NULL 
"Access Confidential","Boca Raton, Florida, United States", NULL , NULL , NULL 
"Access MediQuip","Lake Mary, Florida, United States","255 Primera Blvd, Lake Mary, FL 32746, United States","(407) 268-8400","NULL",
"Access Staffing","Boynton Beach, Florida, United States", NULL , NULL , NULL 
"Access Street","Tampa, Florida, United States", NULL , NULL , NULL 
"Access Wireless Data Solutions","Lutz, Florida, United States","21756 FL-54 Suite 101, Lutz, FL 33549, United States","(813) 751-2039","https://accesswds.com/",
"accesso","Lake Mary, Florida, United States","1025 Greenwood Blvd #500, Lake Mary, FL 32746, United States","(407) 333-7311","http://accesso.com/",
"Accessory Addict Society","Naples, Florida, United States", NULL , NULL , NULL 
"Accident Law Orlando","Maitland, Florida, United States","5401 S Kirkman Rd suite 310, Orlando, FL 32819, United States","(407) 926-0273","http://floridapersonalinjurylawteam.com/",
"Acclaris Holdings","Tampa, Florida, United States", NULL , NULL , NULL 
"Acclivity Health Solutions, Inc","Jacksonville, Florida, United States", NULL , NULL , NULL 
"Accordance Bible Software","Altamonte Springs, Florida, United States", NULL , NULL , NULL 
"Account First, Inc.","Jacksonville, Florida, United States","1851 University Blvd S, Jacksonville, FL 32216, United States","(800) 214-9789","https://accountfirst.com/",
"Accountable Healthcare America","Fort Lauderdale, Florida, United States", NULL , NULL , NULL 
"Accountable Healthcare Staffing","Boca Raton, Florida, United States","999 Yamato Rd #210, Boca Raton, FL 33431, United States","(561) 235-7810","http://www.ahcstaff.com/",
"Accountants Inc.","Seminole, Florida, United States","9996 Seminole Blvd, Seminole, FL 33772, United States","(727) 392-2120","http://www.seminoleaccountants.com/",
"Accounting Principals","Jacksonville, Florida, United States","10151 Deerwood Park Blvd Bldg 400, Jacksonville, FL 32256, United States","(904) 360-2400","https://www.accountingprincipals.com/locations/jacksonville-fl-accounting-staffing-agencies/?utm_source=google&utm_medium=listing&utm_content=95&utm_campaign=FL&utm_keyword=Jacksonville",
"AccountingLive","Miami, Florida, United States", NULL , NULL , NULL 
"Accredited Holding Corp","Winter Park, Florida, United States", NULL , NULL , NULL 
"Accu-Break Pharmaceuticals","Fort Lauderdale, Florida, United States", NULL , NULL , NULL 
"Accudial Pharmaceutical","Boca Raton, Florida, United States", NULL , NULL , NULL 
"AccuDraft","Lake Mary, Florida, United States", NULL , NULL , NULL 
"Accurate Event Group","Pompano Beach, Florida, United States","2300 Palm Beach Lakes Blvd # 216, West Palm Beach, FL 33409, United States","(561) 478-6827","NULL",
"Accurate Paper Recycling","Tampa, Florida, United States","5500 E Giddens Ave, Tampa, FL 33610, United States","(800) 838-6600","http://accushred.com/",
"AccurateTax","Merritt Island, Florida, United States", NULL , NULL , NULL 
"AccuReg","Davie, Florida, United States", NULL , NULL , NULL 
"Accusoft","Tampa, Florida, United States","Tampa, FL 33607, United States","(813) 875-7575","https://www.accusoft.com/",
"AccuStore","Clearwater, Florida, United States", NULL , NULL , NULL 
"Ace Cloud Hosting","Pompano Beach, Florida, United States", NULL , NULL , NULL 
"Ace Moving and Storage","Miami, Florida, United States","2507 Investor's Row Suite #400, Orlando, FL 32837, United States","(407) 855-9922","http://www.acerelocation.com/locations/orlando-moving/",
"Achieve Agency","Palm Beach, Florida, United States", NULL , NULL , NULL 
"ACI Worldwide","Naples, Florida, United States","3520 Kraft Rd #300, Naples, FL 34105, United States","(239) 403-4600","http://www.aciworldwide.com/",
"Acopoco","Miami Beach, Florida, United States", NULL , NULL , NULL 
"Acordis International Corp","Miramar Beach, Florida, United States","2785 N Commerce Pkwy, Miramar, FL 33025, United States","(954) 620-0072","http://www.acordiscorp.com/",
"Acosta","Jacksonville, Florida, United States","6600 Corporate Center Pkwy, Jacksonville, FL 32216, United States","NULL","https://www.acosta.com/",
"Acosta Dental Arts, PA","North Palm Beach, Florida, United States","784 US-1 #10, North Palm Beach, FL 33408, United States","(561) 622-0301","https://www.acostasmiles.com/",
"Acosta Sales & Marketing","Jacksonville, Florida, United States","6600 Corporate Center Pkwy, Jacksonville, FL 32216, United States","(904) 281-9800","http://www.acosta.com/",
"Acquinity Interactive","Deerfield Beach, Florida, United States", NULL , NULL , NULL 
"Acquisition Consultant","Orlando, Florida, United States", NULL , NULL , NULL 
"ACR Electronics","Kenansville, Florida, United States", NULL , NULL , NULL 
"ACS Air Conditioning","Clearwater, Florida, United States","1712 E Seward St, Tampa, FL 33604, United States","(813) 213-3537","https://www.acshomeservices.com/?utm_source=GMB&utm_medium=organic&utm_campaign=Tampa",
"ACS Connect","Brandon, Florida, United States", NULL , NULL , NULL 
"Actfinder","Kenansville, Florida, United States", NULL , NULL , NULL 
"ActiGraph","Pensacola, Florida, United States","49 E Chase St, Pensacola, FL 32502, United States","(850) 332-7900","http://www.actigraphcorp.com",
"Action 1 Restoration","Sunrise, Florida, United States","US-1, Florida, USA","NULL","NULL",
"Action App","Pinellas Park, Florida, United States", NULL , NULL , NULL 
"Action Cooling and Heating","Fort Myers, Florida, United States","6340 Arc Way, Fort Myers, FL 33966, United States","(239) 768-7005","http://actioncooling.com/",
"Action Online Entertainment","Florida, United States, North America", NULL , NULL , NULL 
"Action Paintball","Winter Haven, Florida, United States","1715 7th St SW, Winter Haven, FL 33880, United States","(863) 299-4042","NULL",
"Actionable Quality Assurance","Gainesville, Florida, United States","3324 W University Ave, Gainesville, FL 32607, United States","(352) 562-0005","https://www.actionableqa.com/",
"ActionNewsJax","Jacksonville, Florida, United States", NULL , NULL , NULL 
"Actium","Miami, Florida, United States","2915 Biscayne Blvd # 303, Miami, FL 33137, United States","(305) 576-1112","http://actium.us/",
"Activ8 Mind & Body","Boynton Beach, Florida, United States","Quantum Village, 1054 Gateway Blvd Suite 109, Boynton Beach, FL 33426, United States","NULL","http://www.activ8mb.com/",
"Activated Communications","West Palm Beach, Florida, United States", NULL , NULL , NULL 
"Activation Solutions","Clearwater, Florida, United States", NULL , NULL , NULL 
"Active Autowerke","Miami, Florida, United States","9940 SW 168th Terrace, Miami, FL 33157, United States","(305) 233-9300","http://www.activeautowerke.com/",
"ActivEngage","Orlando, Florida, United States", NULL , NULL , NULL 
"ActivePBX","Miami, Florida, United States", NULL , NULL , NULL 
"ActiveServe, Inc.","Miami, Florida, United States","1444 Biscayne Blvd #313, Miami, FL 33132, United States","(866) 228-4678","http://www.activeserve.com/",
"ActivPro, LLC","Ponte Vedra Beach, Florida, United States", NULL , NULL , NULL 
"Actsoft","Tampa, Florida, United States", NULL , NULL , NULL 
"Acupuncture Orlando","Orlando, Florida, United States","4248 Town Center Blvd #3, Orlando, FL 32837, United States","(407) 440-2808","http://acupunctureoforlando.com/",
"Acute Systems Consulting","Boca Raton, Florida, United States", NULL , NULL , NULL 
"Ada's Natural Market","Fort Myers, Florida, United States","7070 College Pkwy, Fort Myers, FL 33907, United States","(239) 939-9600","https://adasmarket.com/",
"Adacel technologies","Orlando, Florida, United States","9677 Tradeport Dr, Orlando, FL 32827, United States","(407) 581-1560","http://www.adacel.com/",
"Adam Jones Productions","Orlando, Florida, United States", NULL , NULL , NULL 
"Adams Arms","Palm Harbor, Florida, United States","36645 US Hwy 19 N, Palm Harbor, FL 34684, United States","(727) 934-9675","http://www.takeaimguns.com/",
"Adams Homes","Navarre, Florida, United States","36468 Emerald Coast Pkwy Suite 10101, Destin, FL 32541, United States","(850) 842-4884","https://www.adamshomes.com/",
"Adaptive Payments","Fort Lauderdale, Florida, United States", NULL , NULL , NULL 
"Adcomm","Mary Esther, Florida, United States","300 Mary Esther Blvd, Mary Esther, FL 32569, United States","(850) 244-2172","https://www.santarosamall.com/",
"AdComplete.com","Kissimmee, Florida, United States", NULL , NULL , NULL 
"Addashop","Miami, Florida, United States", NULL , NULL , NULL 
"Addflip","Tampa, Florida, United States", NULL , NULL , NULL 
"ADDM&G","Orlando, Florida, United States", NULL , NULL , NULL 
"Addressgate","Miami, Florida, United States", NULL , NULL , NULL 
"Ademero Inc.","Tampa, Florida, United States","7815 N Dale Mabry Hwy #210, Tampa, FL 33614, United States","(813) 333-9882","http://resourcestaffinggroupinc.com/contact-us/",
"ADEX Technologies","Fort Lauderdale, Florida, United States", NULL , NULL , NULL 
"Adflair","Boca Raton, Florida, United States", NULL , NULL , NULL 
"Adjust Production","Orlando, Florida, United States","911 N Orange Ave, Orlando, FL 32801, United States","(239) 249-9339","http://www.adjustproduction.com/",
"Adlimbo LLC","Winter Park, Florida, United States", NULL , NULL , NULL 
"Administrative Partners","Tampa, Florida, United States", NULL , NULL , NULL 
"Admiral","Gainesville, Florida, United States","747 SW 2nd Ave, Gainesville, FL 32601, United States","(844) 442-3675","https://getadmiral.com/",
"Admiral Plumbing Services, LLC","Jupiter, Florida, United States","2895 Jupiter Park Dr Ste 700, Jupiter, FL 33458, United States","(561) 746-1180","https://www.theadmiralplumber.com/",
"Admiralty Bancorp","Palm Beach Gardens, Florida, United States", NULL , NULL , NULL 
"AdMobilize","Miami, Florida, United States", NULL , NULL , NULL 
"AdNexus Media","Hollywood, Florida, United States", NULL , NULL , NULL 
"Adopt-a-Contractor","North Miami Beach, Florida, United States","16101 W Dixie Hwy, North Miami Beach, FL 33160, United States","(305) 696-0800","http://www.humanesocietymiami.org/",
"Adore Cosmetics","Miami Beach, Florida, United States", NULL , NULL , NULL 
"AdPaid","Satellite Beach, Florida, United States", NULL , NULL , NULL 
"AdRizer","Sarasota, Florida, United States", NULL , NULL , NULL 
"ADS Florida","Naples, Florida, United States", NULL , NULL , NULL 
"Ads On Rides","Miami Beach, Florida, United States","150 2nd Ave N #800, St. Petersburg, FL 33701, United States","(727) 821-5155","https://www.paradiseadv.com/",
"ADS Telecom","Maitland, Florida, United States", NULL , NULL , NULL 
"Adsmovil","Coral Gables, Florida, United States", NULL , NULL , NULL 
"ADT Security","Boca Raton, Florida, United States","1501 Yamato Rd, Boca Raton, FL 33431, United States","(561) 404-0338","https://www.adt.com/local/fl/bocaraton?utm_source=places&utm_medium=fl&utm_campaign=boca_raton&utm_term=localseo",
"Adva-Net","Sarasota, Florida, United States","6710 Professional Pkwy W #301, Sarasota, FL 34240, United States","(941) 313-3300","http://www.adva-net.com/",
"Advance Age Insurance Services","Altamonte Springs, Florida, United States","124 Marcia Dr, Altamonte Springs, FL 32714, United States","(407) 862-9929","http://advanceageinsurance.com/",
"Advance Carts Inc","Boca Raton, Florida, United States","4160 NW 1st Ave Suite #18, Boca Raton, FL 33431, United States","(877) 575-0469","https://advancecarts.com/",
"Advance Disposal Services","Ponte Vedra, Florida, United States","90 Fort Wade Rd #200, Ponte Vedra Beach, FL 32081, United States","(904) 737-7900","http://www.advanceddisposal.com/",
"Advanced Aesthetics of Jacksonville","Jacksonville, Florida, United States", NULL , NULL , NULL 
"Advanced Autoshipping","Tallahassee, Florida, United States", NULL , NULL , NULL 
"Advanced Care Scripts","Orlando, Florida, United States","6251 Chancellor Dr #101, Orlando, FL 32809, United States","(877) 985-6337","http://www.acs-rx.com/",
"Advanced Concrete Supply","Fort Walton Beach, Florida, United States","94 Ready Ave NW, Fort Walton Beach, FL 32548, United States","(850) 301-0306","https://advancedconcretesupply.com/",
"Advanced Control Corporation","Fort Lauderdale, Florida, United States","6001 NE 14th Ave, Fort Lauderdale, FL 33334, United States","(954) 491-6660","http://www.advancedcontrolcorp.com/",
"Advanced Endoscopy Inc.","Hollywood, Florida, United States","4208 N 31st Ave Suite 1, Hollywood, FL 33021, United States","(954) 961-8888","https://www.webuyendoscopes.net/",
"Advanced fPAT Imaging","Tampa, Florida, United States", NULL , NULL , NULL 
"Advanced Information Systems, Inc.","Orlando, Florida, United States","1842 N Alafaya Trail suite d, Orlando, FL 32826, United States","(407) 581-2929","http://www.aisg.com/",
"Advanced Interactive Media Group","Altamonte Springs, Florida, United States", NULL , NULL , NULL 
"Advanced Interventional Pain Clinic","Orlando, Florida, United States","1170 S Semoran Blvd, Orlando, FL 32807, United States","(321) 710-8052","NULL",
"Advanced MarketPlace","Tampa, Florida, United States","3018 US-301, Tampa, FL 33619, United States","(813) 655-7173","http://www.advancedmarketplace.com/",
"Advanced Medical Personnel Services","Port Orange, Florida, United States","5535 S Williamson Blvd #774, Port Orange, FL 32128, United States","(888) 756-0605","http://www.gowithadvanced.com/",
"Advanced Microtechnology","Winter Park, Florida, United States", NULL , NULL , NULL 
"Advanced Processing & Imaging","Boca Raton, Florida, United States", NULL , NULL , NULL 
"Advanced Protection Technologies","Clearwater, Florida, United States","14550 58th St N, Clearwater, FL 33760, United States","(727) 535-6339","http://www.ascopower.com/en-us/products-catalog/products/surge-protective-devices/",
"Advanced Public Safety","Deerfield Beach, Florida, United States","400 Fairway Dr #101, Deerfield Beach, FL 33441, United States","(954) 354-3000","http://www.aps.us/about.html",
"Advanced Recovery Systems","Fort Lauderdale, Florida, United States","100 SE 3rd Ave #1800, Fort Lauderdale, FL 33394, United States","(954) 860-7199","https://www.advancedrecoverysystems.com/",
"Advanced Senior Care","Boca Raton, Florida, United States","6501 Congress Ave #100, Boca Raton, FL 33487, United States","(561) 221-1501","NULL",
"Advanced Separation Technologies","Lakeland, Florida, United States", NULL , NULL , NULL 
"Advanced Technologies Solution","Jacksonville, Florida, United States", NULL , NULL , NULL 
"Advanced Tree Plant City","Plant City, Florida, United States", NULL , NULL , NULL 
"Advanced Wellness and Sports Chiropractic Center","Lake Worth, Florida, United States","1814 N Federal Hwy, Lake Worth, FL 33460, United States","(561) 582-2225","http://www.alexkeithchiropractor.com/",
"AdvanceTec Industries Inc","Miami, Florida, United States","1150 NW 163rd Dr, Miami, FL 33169, United States","(800) 881-8211","https://advancetec.com/",
"Advansis Media","Miami, Florida, United States", NULL , NULL , NULL 
"Advantage ONE REALTY OF FLORIDA","Jacksonville, Florida, United States", NULL , NULL , NULL 
"Advantage Vacation Homes","Kissimmee, Florida, United States","7799 Styles Blvd, Kissimmee, FL 34747, United States","(407) 396-2262","https://www.advantagevacationhomes.com/",
"Advantix Systems","North Miami Beach, Florida, United States", NULL , NULL , NULL 
"Advantone","Plantation, Florida, United States", NULL , NULL , NULL 
"Advantor Systems","Orlando, Florida, United States","12612 Challenger Pkwy #300, Orlando, FL 32826, United States","(800) 238-2686","http://www.advantor.com/",
"Adventist Health System","Altamonte Springs, Florida, United States","900 Hope Way, Altamonte Springs, FL 32714, United States","(407) 357-1000","http://www.adventisthealthsystem.com/",
"Adverhit","Miami, Florida, United States", NULL , NULL , NULL 
"Advise.me","Hollywood, Florida, United States", NULL , NULL , NULL 
"Advisorfi","West Palm Beach, Florida, United States", NULL , NULL , NULL 
"Advocate Medical Services, Inc.","Tampa, Florida, United States","5912 Breckenridge Pkwy ste g, Tampa, FL 33610, United States","(813) 280-6547","http://www.activstyle.com/",
"Advocate PAC - Your Personal Lobbyist","Tallahassee, Florida, United States", NULL , NULL , NULL 
"Advolution","Gainesville, Florida, United States", NULL , NULL , NULL 
"ADVOS legal","Ponte Vedra Beach, Florida, United States","5000 Sawgrass Village Dr Suite 7, Ponte Vedra Beach, FL 32082, United States","(904) 567-5311","http://advoslegal.com/",
"AdWork Media","Gainesville, Florida, United States", NULL , NULL , NULL 
"AdWorldMedia","Pompano Beach, Florida, United States", NULL , NULL , NULL 
"ADX Technologies","Coral Gables, Florida, United States", NULL , NULL , NULL 
"AerCap","Fort Lauderdale, Florida, United States", NULL , NULL , NULL 
"Aerdos, Inc.","Ormond Beach, Florida, United States", NULL , NULL , NULL 
"Aerex Industries","Fort Pierce, Florida, United States","3504 Industrial 27th St, Fort Pierce, FL 34946, United States","(772) 467-2608","http://www.aerexglobal.com/",
"AerialWayz™","Orlando, Florida, United States", NULL , NULL , NULL 
"Aero-News Network","Saint Augustine, Florida, United States", NULL , NULL , NULL 
"Aero-plan","Marathon Shores, Florida, United States", NULL , NULL , NULL 
"Aerocare Holdings","Orlando, Florida, United States","3325 Bartlett Blvd Orlando Corp, FL 32811, United States","(407) 206-0040","http://www.aerocareusa.com/",
"AeroHose","Lantana, Florida, United States", NULL , NULL , NULL 
"aeROIFlight Corporation","North Miami Beach, Florida, United States", NULL , NULL , NULL 
"Aeromarine Consulting","Tampa, Florida, United States", NULL , NULL , NULL 
"Aeronyde Corporation","Melbourne, Florida, United States","3030 Venture Ln #107, Melbourne, FL 32934, United States","(321) 622-8676","http://www.aeronyde.com/",
"Aeropost","Miami, Florida, United States","6703 NW 7th St, Miami, FL 33126, United States","NULL","NULL",
"Aerosim","Sanford, Florida, United States","1200 Red Cleveland Blvd, Sanford, FL 32773, United States","NULL","NULL",
"Aerosonic","Clearwater, Florida, United States", NULL , NULL , NULL 
"AerSale Holdings","Coral Gables, Florida, United States","121 Alhambra Plaza # 1700, Coral Gables, FL 33134, United States","(305) 764-3200","http://www.aersale.com/",
"AESP","Miami Springs, Florida, United States", NULL , NULL , NULL 
"Affiliate Fury","Royal Palm Beach, Florida, United States", NULL , NULL , NULL 
"AffiliateManager.com","Orlando, Florida, United States", NULL , NULL , NULL 
"Affinity Logic Systems","Orlando, Florida, United States", NULL , NULL , NULL 
"Affirmative Technologies","Palm Harbor, Florida, United States","28100 US Hwy 19 N #205, Clearwater, FL 33761, United States","(727) 772-9881","https://www.affirmativeusa.com/",
"Affordable Bail Bonds","Sarasota, Florida, United States","2127 Ringling Blvd #101a, Sarasota, FL 34237, United States","(941) 951-0508","http://bailbondsaffordable.net/",
"Affordable Marble Restoration LLC","Boca Raton, Florida, United States","20423 State Road 7 Suite F6 #341, Boca Raton, FL 33498, United States","(800) 208-3050","http://www.affordablemarblerestoration.com/",
"Affordable Sales & Rentals Realty","Hallandale, Florida, United States","1025 E Hallandale Beach Blvd #14, Hallandale Beach, FL 33009, United States","(954) 457-8277","http://affordablesalesandrentals.net/",
"AFLG Private Equity","Tampa, Florida, United States", NULL , NULL , NULL 
"African American Research Library-Broward County","Fort Lauderdale, Florida, United States","2650 Sistrunk Blvd, Fort Lauderdale, FL 33311, United States","(954) 357-6282","http://www.broward.org/Library/Pages/default.aspx",
"Agency a la Carte","Jacksonville, Florida, United States","320 1st St N, Jacksonville Beach, FL 32250, United States","(904) 727-7360","https://agencyalacarte.com/",
"agencyweb","Pompano Beach, Florida, United States", NULL , NULL , NULL 
"AgendaPal Corp.","Tallahassee, Florida, United States", NULL , NULL , NULL 
"Agent Boomerang","Palm Harbor, Florida, United States", NULL , NULL , NULL 
"Agent Leads University","Miami, Florida, United States", NULL , NULL , NULL 
"Agent Link","Clearwater, Florida, United States","1130 Cleveland St Ste 210, Clearwater, FL 33755, United States","(800) 535-4545","http://www.agentlinkmarketing.com/",
"AGERpoint","New Smyrna Beach, Florida, United States","401 Palmetto St, New Smyrna Beach, FL 32168, United States","(386) 424-5000","https://www.adventhealth.com/hospital/adventhealth-new-smyrna-beach",
"Agile Culture: Consulting and Coaching","Miami, Florida, United States", NULL , NULL , NULL 
"Agile Echelon, LLC","Saint Petersburg, Florida, United States", NULL , NULL , NULL 
"Agile Sports Analytics","Gainesville, Florida, United States", NULL , NULL , NULL 
"AgileThought","Tampa, Florida, United States","2502 N Rocky Point Dr #900, Tampa, FL 33607, United States","(877) 514-9180","https://www.agilethought.com/",
"AgingCare.com","Naples, Florida, United States", NULL , NULL , NULL 
"Aginto Solutions","Sarasota, Florida, United States", NULL , NULL , NULL 
"Agritek Holdings Inc","Miami, Florida, United States", NULL , NULL , NULL 
"Ahead of Time Miami","Miami, Florida, United States", NULL , NULL , NULL 
"Ahosting","Hudson, Florida, United States", NULL , NULL , NULL 
"Aigean Networks","Oakland Park, Florida, United States","3496 NE 12th Terrace, Oakland Park, FL 33334, United States","(754) 223-2240","http://www.aigean.com/",
"AIM Group","Altamonte Springs, Florida, United States", NULL , NULL , NULL 
"AIP Precision Machining","Daytona Beach, Florida, United States","724 Fentress Blvd, Daytona Beach, FL 32114, United States","(386) 274-5335","http://www.aipprecision.com/",
"Air Charter Advisors","Tamarac, Florida, United States","341 8th Ave SE #3B, St. Petersburg, FL 33701, United States","(727) 521-7373","https://tampabayaircharter.com/",
"Air Conditioning Experts, Inc. - Lakeland","Lakeland, Florida, United States", NULL , NULL , NULL 
"Air Conditioning System Stuart","Port Saint Lucie, Florida, United States","3054 N US Hwy 1, Fort Pierce, FL 34946, United States","(772) 208-9892","https://grimesacinc.com/",
"Air McCall, Inc","Jacksonville, Florida, United States","6662 Columbia Park Dr S suite 1, Jacksonville, FL 32258, United States","(904) 288-6110","http://www.airmccall.com/",
"Air Parts & Supply Company","Miami, Florida, United States","12840 SW 84th Avenue Rd, Miami, FL 33156, United States","(305) 235-5401","http://www.apscomiami.com/",
"Air Quality Assessors","Winter Park, Florida, United States", NULL , NULL , NULL 
"Air Source America","Jacksonville Beach, Florida, United States","207 20th St N, Jacksonville Beach, FL 32250, United States","(904) 233-8831","http://buehlerair.com/",
"Air-Transport IT Services","Orlando, Florida, United States","2875 S Orange Ave, Orlando, FL 32806, United States","(386) 736-7959","http://www.youngschimneyservice.com/",
"Airborne Response","Miami Beach, Florida, United States", NULL , NULL , NULL 
"AirBowl LLC","Davie, Florida, United States", NULL , NULL , NULL 
"Aircraft Service International Group","Orlando, Florida, United States","201 S Orange Ave # 1100, Orlando, FL 32801, United States","(407) 648-7373","NULL",
"AirFoodWater","Gainesville, Florida, United States", NULL , NULL , NULL 
"Airgas Retail Services","Largo, Florida, United States", NULL , NULL , NULL 
"AirMD Apex","Boca Raton, Florida, United States","7700 Congress Ave, Boca Raton, FL 33487, United States","(561) 245-4500","https://www.airmd.com/",
"Airport Revenue News","Boca Raton, Florida, United States","903 NW 35th St, Boca Raton, FL 33431, United States","(561) 391-2202","https://bocaairport.com/",
"Airpowered","Tavares, Florida, United States", NULL , NULL , NULL 
"Airspan Networks","Boca Raton, Florida, United States","777 Yamato Rd, Boca Raton, FL 33431, United States","(561) 893-8670","http://www.airspan.com/",
"AirTran Airways","Orlando, Florida, United States", NULL , NULL , NULL 
"AIS Productions","Doral, Florida, United States", NULL , NULL , NULL 
"AIVMI","Hollywood, Florida, United States", NULL , NULL , NULL 
"AJ Williams Solution","Fort Lauderdale, Florida, United States", NULL , NULL , NULL 
"AJR & Partners","Miami, Florida, United States", NULL , NULL , NULL 
"Akerman LLP","Miami, Florida, United States","98 SE 7th St #1100, Miami, FL 33131, United States","(305) 374-5600","http://www.akerman.com/",
"Akimeka","Maitland, Florida, United States","901 N Lake Destiny Rd # 151, Maitland, FL 32751, United States","(844) 254-6352","https://www.akimeka.com/",
"Akita Copy Products Inc","Tampa, Florida, United States","5402 Airport Blvd, Tampa, FL 33634, United States","(813) 884-4433","https://www.akitacopy.com/?utm_source=Google%20Maps",
"ALA Services","Naples, Florida, United States","704 Goodlette Rd N, Naples, FL 34102, United States","(239) 330-6093","https://www.alanaples.com/contact-us.html",
"Ala-Septic","St. Pete Beach, Florida, United States", NULL , NULL , NULL 
"Alacarte","Miami Beach, Florida, United States", NULL , NULL , NULL 
"Alarm Grid","Pompano Beach, Florida, United States","151 FL-50, Clermont, FL 34711, United States","(352) 394-8884","https://www.apcsecure.com/",
"ALAS Latin American Lounge","Miami, Florida, United States", NULL , NULL , NULL 
"Albatross Investment","Palm Harbor, Florida, United States", NULL , NULL , NULL 
"Alberto Medrano, Keller Williams St Pete Realty","Saint Petersburg, Florida, United States","111 2nd Ave NE, St. Petersburg, FL 33701, United States","(727) 851-6488","NULL",
"Albiorex","Palm Harbor, Florida, United States", NULL , NULL , NULL 
"Alcantara Media","Delray Beach, Florida, United States", NULL , NULL , NULL 
"Alconbury Trust LLC","Orlando, Florida, United States","605 S Country Club Rd, Lake Mary, FL 32746, United States","(321) 363-1526","NULL",
"Alectrica Motors","Tampa, Florida, United States", NULL , NULL , NULL 
"Alee Software","St. Petersburg, Florida, United States", NULL , NULL , NULL 
"ALERT","Sarasota, Florida, United States", NULL , NULL , NULL 
"AlertFlyers.com","Jupiter, Florida, United States", NULL , NULL , NULL 
"Alessandra Gold","Miami, Florida, United States", NULL , NULL , NULL 
"Alevo","Boca Raton, Florida, United States", NULL , NULL , NULL 
"Alexander law USA","Lake Mary, Florida, United States","255 Primera Blvd #160, Lake Mary, FL 32746, United States","(407) 984-5270","http://www.amcclurelaw.com/",
"Algenol","Bonita Springs, Florida, United States", NULL , NULL , NULL 
"Aliant Payment Systems","Fort Lauderdale, Florida, United States", NULL , NULL , NULL 
"Alico Inc.","Fort Myers Beach, Florida, United States","10070 Daniels Interstate Ct #100, Fort Myers, FL 33913, United States","(239) 226-2000","http://alicoinc.com/",
"Alienware","Miami, Florida, United States","50 NE 9th St, Miami, FL 33132, United States","(305) 416-3120","NULL",
"Align Networks","Jacksonville, Florida, United States","7785 Baymeadows Way #305, Jacksonville, FL 32256, United States","(866) 389-0211","http://alignnetworks.com/",
"Align Wealth Management","St. Petersburg, Florida, United States","125 5th St S #201, St. Petersburg, FL 33701, United States","(727) 455-0033","http://www.alignmywealth.com/",
"Aligned Global","Miami, Florida, United States", NULL , NULL , NULL 
"Alignment Acquisitions","Palm Beach, Florida, United States","1479 E Osceola Pkwy, Kissimmee, FL 34744, United States","(321) 250-6795","https://local.firestonecompleteautocare.com/florida/kissimmee/1479-e-osceola-pkwy/?utm_source=google&utm_medium=organic&utm_campaign=localmaps&lw_cmp=oloc_google_localmaps_maps",
"Alim Innovations","Daytona Beach, Florida, United States", NULL , NULL , NULL 
"Alina de la Torre, D.M.D.","Tampa, Florida, United States","10830 Sheldon Rd, Tampa, FL 33626, United States","(813) 792-9400","https://delatorredentistry.com/",
"Alinean","Winter Park, Florida, United States", NULL , NULL , NULL 
"Alittera","Coral Springs, Florida, United States", NULL , NULL , NULL 
"Alkemy, Inc.","Plantation, Florida, United States", NULL , NULL , NULL 
"All About Truth DNA Services Inc.","Plantation, Florida, United States","1860 N Pine Island Rd #108, Plantation, FL 33322, United States","(954) 476-1818","https://dnacenter.com/locations/dna-paternity-testing-fort-lauderdale/",
"All Children's Hospital","Saint Petersburg, Florida, United States","501 6th Ave S, St. Petersburg, FL 33701, United States","(727) 898-7451","http://www.hopkinsallchildrens.org/",
"All Florida Insurance Group","Palm Beach, Florida, United States","3228 W State Rd 426, Oviedo, FL 32765, United States","(407) 671-6628","http://www.aficf.com/",
"All Florida Pool & Spa Center","Miami, Florida, United States","11720 Biscayne Blvd, Miami, FL 33181, United States","(305) 893-4036","https://allfloridapool.com/",
"All Florida Title","Lake Mary, Florida, United States","4031 W 1st St, Sanford, FL 32771, United States","(407) 536-5365","https://www.allfloridatitle.com/",
"All Garden Services","Davie, Florida, United States", NULL , NULL , NULL 
"All Graphics Impressions","Oakland Park, Florida, United States", NULL , NULL , NULL 
"All Hands Hosting","Delray Beach, Florida, United States", NULL , NULL , NULL 
"All HORIZON FINANCIAL SERVICES CORP.","West Palm Beach, Florida, United States","2101 Vista Pkwy, West Palm Beach, FL 33411, United States","(561) 688-7300","http://www.allhorizonfinancialservices.com/",
"All In Solutions","Delray Beach, Florida, United States","4875 Park Ridge Blvd #103, Boynton Beach, FL 33426, United States","(561) 413-5755","https://aiscounseling.com/",
"All in Solutions Counseling Center","Boynton Beach, Florida, United States","4875 Park Ridge Blvd #103, Boynton Beach, FL 33426, United States","(561) 413-5755","https://aiscounseling.com/",
"All Inclusive Collection","Coral Gables, Florida, United States","55 Miracle Mile, Miami, FL 33134, United States","(305) 444-5896","http://aichotelgroup.com/about-us",
"All Insurance Underwriters","Land O Lakes, Florida, United States","2600 Sumerian Dr # 101, Land O' Lakes, FL 34638, United States","(813) 343-3100","https://aiuinc.com/",
"All Medical Personnel","Hollywood, Florida, United States","4000 Hollywood Blvd, Hollywood, FL 33021, United States","(800) 706-2378","https://allmedical.com/",
"All miami pools","North Miami Beach, Florida, United States","4441 Collins Ave, Miami Beach, FL 33140, United States","(305) 535-3283","https://fontainebleau.com/?utm_source=google-local&utm_medium=organic&utm_campaign=gmb",
"All Pro Dad","Tampa, Florida, United States", NULL , NULL , NULL 
"All Quality Construction & Aluminum, Inc.","Jupiter, Florida, United States","2562 W Indiantown Rd, Jupiter, FL 33458, United States","(561) 252-3994","https://www.allqualityconstructions.com/",
"All Saints Eye Center","Naples, Florida, United States","1435 Immokalee Rd, Naples, FL 34110, United States","(239) 592-5511","http://www.allsaintseyecenters.com/?utm_source=google&utm_medium=gmb&utm_campaign=listing",
"All Star Vacation Homes","Kissimmee, Florida, United States","11513 Andy Rosse Lane, Captiva, FL 33924, United States","(239) 206-2147","http://www.allstarvacationhomes.com/",
"All Trend Tech","Coral Gables, Florida, United States", NULL , NULL , NULL 
"allbookstores.com","Apopka, Florida, United States", NULL , NULL , NULL 
"Allen Sportswear","Oviedo, Florida, United States", NULL , NULL , NULL 
"Allform","Tampa, Florida, United States", NULL , NULL , NULL 
"Alliance Entertainment","Sunrise, Florida, United States","1401 NW 136th Ave #100, Sunrise, FL 33323, United States","(954) 255-4000","http://www.aent.com/",
"Alliance Physical Therapy Partners","Tampa, Florida, United States", NULL , NULL , NULL 
"Alliance Processing Services","Boca Raton, Florida, United States","301 Yamato Rd, Boca Raton, FL 33431, United States","(888) 444-7756","NULL",
"Alliance321","Jasper, Florida, United States", NULL , NULL , NULL 
"Allied Vision Group","Fort Lauderdale, Florida, United States","5350 NW 35th Ave, Fort Lauderdale, FL 33309, United States","(954) 730-9244","NULL",
"Allivet","Hialeah, Florida, United States","14540 NW 60th Ave #7h, Miami Lakes, FL 33014, United States","(877) 500-9944","http://www.allivet.com/",
"Allocable","West Palm Beach, Florida, United States", NULL , NULL , NULL 
"AllPopArt.com","Hollywood, Florida, United States", NULL , NULL , NULL 
